chain, residue_label, residue_name, score, zscore, probability, pocket
A,  100, PHE,  0.5863,  -0.0527,   0.0491, 0
A,  101, VAL,  0.1968,  -0.2697,   0.0067, 0
A,  102, LEU,  0.0989,  -0.3243,   0.0023, 0
A,  103, THR,  0.6058,  -0.0418,   0.0523, 1
A,  104, PRO,  0.0206,  -0.3680,   0.0005, 0
A,  105, GLY,  0.0092,  -0.3743,   0.0003, 0
A,  106, ASN,  0.0249,  -0.3656,   0.0006, 0
A,  107, PRO,  0.0174,  -0.3698,   0.0005, 0
A,  108, ARG,  0.0243,  -0.3659,   0.0006, 0
A,  109, TRP,  0.0866,  -0.3312,   0.0019, 0
A,  110, GLU,  0.0384,  -0.3581,   0.0008, 0
A,  111, ASN,  0.0742,  -0.3381,   0.0016, 0
A,  112, THR,  0.0271,  -0.3643,   0.0006, 0
A,  113, HIS,  0.0742,  -0.3381,   0.0016, 0
A,  114, LEU,  0.0632,  -0.3442,   0.0013, 0
A,  115, THR,  0.0382,  -0.3582,   0.0008, 0
A,  116, TYR,  0.0714,  -0.3396,   0.0015, 0
A,  117, ARG,  0.0224,  -0.3670,   0.0005, 0
A,  118, ILE,  0.0366,  -0.3590,   0.0008, 0
A,  119, GLU,  1.0303,   0.1948,   0.1491, 3
A,  120, ASN,  0.0779,  -0.3360,   0.0017, 0
A,  121, TYR,  0.1145,  -0.3156,   0.0028, 0
A,  122, THR,  0.0163,  -0.3704,   0.0004, 0
A,  123, PRO,  0.0185,  -0.3691,   0.0005, 0
A,  124, ASP,  0.0206,  -0.3680,   0.0005, 0
A,  125, LEU,  0.1977,  -0.2693,   0.0067, 0
A,  126, SER,  0.0248,  -0.3656,   0.0006, 0
A,  127, ARG,  0.1113,  -0.3174,   0.0027, 0
A,  128, GLU,  0.0397,  -0.3573,   0.0008, 0
A,  129, ASP,  0.2691,  -0.2295,   0.0115, 0
A,  130, VAL,  0.0862,  -0.3314,   0.0019, 0
A,  131, ASP,  0.0672,  -0.3420,   0.0014, 0
A,  132, ARG,  0.2657,  -0.2313,   0.0112, 0
A,  133, ALA,  0.3319,  -0.1945,   0.0168, 0
A,  134, ILE,  0.0525,  -0.3502,   0.0011, 0
A,  135, GLU,  0.1450,  -0.2986,   0.0041, 0
A,  136, LYS,  0.6173,  -0.0354,   0.0542, 0
A,  137, ALA,  0.0002,  -0.3794,   0.0002, 0
A,  138, PHE,  0.0770,  -0.3366,   0.0017, 0
A,  139, GLN,  0.1328,  -0.3054,   0.0036, 0
A,  140, LEU,  0.1585,  -0.2911,   0.0047, 0
A,  141, TRP,  0.0676,  -0.3418,   0.0014, 0
A,  142, SER,  0.1231,  -0.3108,   0.0032, 0
A,  143, ASN,  0.1959,  -0.2703,   0.0066, 0
A,  144, VAL,  0.1321,  -0.3058,   0.0035, 0
A,  145, SER,  0.0061,  -0.3760,   0.0003, 0
A,  146, PRO,  0.0286,  -0.3635,   0.0006, 0
A,  147, LEU,  0.1067,  -0.3200,   0.0026, 0
A,  148, THR,  0.1447,  -0.2988,   0.0041, 0
A,  149, PHE,  0.1362,  -0.3036,   0.0037, 0
A,  150, THR,  0.1135,  -0.3162,   0.0028, 0
A,  151, LYS,  0.1105,  -0.3179,   0.0027, 0
A,  152, VAL,  0.0485,  -0.3524,   0.0010, 0
A,  153, SER,  0.0704,  -0.3402,   0.0015, 0
A,  154, GLU,  0.0210,  -0.3677,   0.0005, 0
A,  155, GLY,  0.0064,  -0.3759,   0.0003, 0
A,  156, GLN,  0.0271,  -0.3644,   0.0006, 3
A,  157, ALA,  0.0219,  -0.3672,   0.0005, 0
A,  158, ASP,  0.0828,  -0.3333,   0.0018, 0
A,  159, ILE,  0.0033,  -0.3776,   0.0003, 0
A,  160, MET,  0.9464,   0.1481,   0.1269, 3
A,  161, ILE,  0.7581,   0.0431,   0.0818, 0
A,  162, SER,  1.0132,   0.1853,   0.1445, 3
A,  163, PHE,  0.0534,  -0.3497,   0.0011, 0
A,  164, VAL,  0.1232,  -0.3108,   0.0032, 3
A,  165, ARG,  0.0404,  -0.3569,   0.0008, 0
A,  166, GLY,  0.0114,  -0.3731,   0.0004, 0
A,  167, ASP,  0.0143,  -0.3715,   0.0004, 0
A,  168, HIS,  0.1673,  -0.2862,   0.0051, 3
A,  169, ARG,  0.0373,  -0.3586,   0.0008, 0
A,  170, ASP,  0.3326,  -0.1941,   0.0169, 0
A,  171, ASN,  0.0857,  -0.3317,   0.0019, 0
A,  172, SER,  0.2911,  -0.2172,   0.0133, 0
A,  173, PRO,  0.0421,  -0.3560,   0.0009, 0
A,  174, PHE,  0.0574,  -0.3475,   0.0012, 0
A,  175, ASP,  0.0343,  -0.3604,   0.0007, 0
A,  176, GLY,  0.0088,  -0.3745,   0.0003, 0
A,  177, PRO,  0.0826,  -0.3334,   0.0018, 0
A,  178, GLY,  0.2319,  -0.2502,   0.0089, 0
A,  179, GLY,  0.2707,  -0.2285,   0.0116, 0
A,  180, ASN,  1.6667,   0.5495,   0.3284, 1
A,  181, LEU,  0.5081,  -0.0963,   0.0370, 1
A,  182, ALA,  3.4334,   1.5343,   0.6739, 1
A,  183, HIS,  3.4902,   1.5660,   0.6815, 1
A,  184, ALA,  2.6624,   1.1046,   0.5529, 1
A,  185, PHE,  0.9324,   0.1403,   0.1234, 0
A,  186, GLN,  0.3475,  -0.1858,   0.0182, 1
A,  187, PRO,  0.0494,  -0.3519,   0.0010, 0
A,  188, GLY,  0.0776,  -0.3362,   0.0017, 0
A,  189, PRO,  0.0802,  -0.3348,   0.0017, 0
A,  190, GLY,  0.0561,  -0.3482,   0.0011, 0
A,  191, ILE,  0.9980,   0.1768,   0.1404, 3
A,  192, GLY,  0.0692,  -0.3409,   0.0015, 0
A,  193, GLY,  0.0119,  -0.3728,   0.0004, 0
A,  194, ASP,  0.9252,   0.1363,   0.1216, 3
A,  195, ALA,  0.6133,  -0.0376,   0.0535, 0
A,  196, HIS,  0.9880,   0.1713,   0.1377, 3
A,  197, PHE,  0.0000,  -0.3795,   0.0002, 0
A,  198, ASP,  0.0007,  -0.3790,   0.0002, 0
A,  199, GLU,  0.0204,  -0.3681,   0.0005, 0
A,  200, ASP,  0.0313,  -0.3620,   0.0007, 0
A,  201, GLU,  0.0563,  -0.3481,   0.0012, 0
A,  202, ARG,  0.1086,  -0.3190,   0.0026, 0
A,  203, TRP,  0.0215,  -0.3675,   0.0005, 0
A,  204, THR,  0.3933,  -0.1603,   0.0228, 0
A,  205, LYS,  0.6021,  -0.0438,   0.0516, 0
A,  206, ASN,  0.4865,  -0.1083,   0.0341, 0
A,  207, PHE,  0.1933,  -0.2717,   0.0065, 0
A,  208, ARG,  0.1223,  -0.3113,   0.0031, 0
A,  209, ASP,  0.2679,  -0.2302,   0.0114, 0
A,  210, TYR,  0.3250,  -0.1983,   0.0161, 0
A,  211, ASN,  0.5608,  -0.0668,   0.0450, 0
A,  212, LEU,  0.2492,  -0.2405,   0.0101, 0
A,  213, TYR,  0.6233,  -0.0321,   0.0553, 0
A,  214, ARG,  1.0926,   0.2295,   0.1661, 1
A,  215, VAL,  1.1105,   0.2395,   0.1711, 1
A,  216, ALA,  0.0158,  -0.3706,   0.0004, 0
A,  217, ALA,  0.0000,  -0.3795,   0.0002, 0
A,  218, HIS,  3.7453,   1.7082,   0.7135, 1
A,  219, GLU,  3.7748,   1.7246,   0.7170, 1
A,  220, LEU,  0.0000,  -0.3795,   0.0002, 0
A,  221, GLY,  0.0000,  -0.3795,   0.0002, 0
A,  222, HIS,  4.0934,   1.9022,   0.7509, 1
A,  223, SER,  0.0006,  -0.3791,   0.0002, 0
A,  224, LEU,  0.0014,  -0.3787,   0.0002, 0
A,  225, GLY,  0.0845,  -0.3324,   0.0019, 0
A,  226, LEU,  1.0232,   0.1909,   0.1472, 1
A,  227, SER,  1.0418,   0.2012,   0.1521, 1
A,  228, HIS,  4.3482,   2.0442,   0.7745, 1
A,  229, SER,  0.3569,  -0.1805,   0.0191, 0
A,  230, THR,  0.2870,  -0.2195,   0.0129, 0
A,  231, ASP,  0.4405,  -0.1339,   0.0283, 0
A,  232, ILE,  1.0044,   0.1804,   0.1421, 0
A,  233, GLY,  0.7892,   0.0604,   0.0887, 0
A,  234, ALA,  0.8689,   0.1049,   0.1075, 0
A,  235, LEU,  0.8973,   0.1207,   0.1145, 0
A,  236, MET,  0.1265,  -0.3089,   0.0033, 0
A,  237, TYR,  1.2459,   0.3150,   0.2093, 0
A,  238, PRO,  2.5814,   1.0594,   0.5377, 1
A,  239, ASN,  0.8113,   0.0728,   0.0938, 1
A,  240, TYR,  1.0336,   0.1967,   0.1499, 1
A,  241, ILE,  1.0623,   0.2127,   0.1578, 0
A,  242, TYR,  0.6169,  -0.0356,   0.0541, 0
A,  243, THR,  1.0067,   0.1817,   0.1427, 0
A,  244, GLY,  0.2077,  -0.2637,   0.0073, 0
A,  245, ASP,  0.7730,   0.0514,   0.0852, 0
A,  246, VAL,  0.7015,   0.0116,   0.0700, 0
A,  247, GLN,  0.8216,   0.0785,   0.0962, 0
A,  248, LEU,  0.3612,  -0.1781,   0.0195, 0
A,  249, SER,  0.3242,  -0.1988,   0.0161, 0
A,  250, GLN,  0.0671,  -0.3420,   0.0014, 0
A,  251, ASP,  0.5056,  -0.0976,   0.0367, 0
A,  252, ASP,  0.0813,  -0.3341,   0.0018, 0
A,  253, ILE,  0.1855,  -0.2761,   0.0060, 0
A,  254, ASP,  0.1656,  -0.2872,   0.0050, 0
A,  255, GLY,  0.0880,  -0.3304,   0.0020, 0
A,  256, ILE,  0.0825,  -0.3335,   0.0018, 0
A,  257, GLN,  0.0179,  -0.3695,   0.0005, 0
A,  258, ALA,  0.0397,  -0.3573,   0.0008, 0
A,  259, ILE,  0.0200,  -0.3683,   0.0005, 0
A,  260, TYR,  0.0171,  -0.3700,   0.0004, 0
A,  261, GLY,  0.0111,  -0.3733,   0.0004, 0
A,  262, PRO,  0.0258,  -0.3651,   0.0006, 0
A,  263, SER,  0.0373,  -0.3587,   0.0008, 0
A,  264, GLU,  0.0438,  -0.3550,   0.0009, 0
A,  265, ASN,  0.0210,  -0.3677,   0.0005, 0
A,  266, PRO,  0.0279,  -0.3639,   0.0006, 0
A,  267, VAL,  0.0102,  -0.3738,   0.0004, 0
A,  268, GLN,  0.0415,  -0.3563,   0.0008, 0
A,  269, PRO,  0.1411,  -0.3008,   0.0039, 0
A,  270, SER,  0.1538,  -0.2937,   0.0045, 0
A,  271, GLY,  0.1209,  -0.3121,   0.0031, 0
A,  272, PRO,  0.0212,  -0.3677,   0.0005, 0
A,  273, GLN,  0.3875,  -0.1635,   0.0222, 0
A,  274, THR,  0.2083,  -0.2634,   0.0073, 0
A,  275, PRO,  0.2263,  -0.2533,   0.0085, 0
A,  276, GLN,  0.3368,  -0.1917,   0.0173, 0
A,  277, VAL,  0.2312,  -0.2506,   0.0088, 0
A,  278, CYS,  0.1749,  -0.2820,   0.0055, 0
A,  279, ASP,  0.1950,  -0.2708,   0.0066, 0
A,  280, SER,  0.1181,  -0.3136,   0.0030, 0
A,  281, LYS,  0.0830,  -0.3332,   0.0018, 0
A,  282, LEU,  0.1455,  -0.2984,   0.0041, 0
A,  283, THR,  0.1634,  -0.2884,   0.0049, 0
A,  284, PHE,  0.1181,  -0.3137,   0.0030, 0
A,  285, ASP,  0.1488,  -0.2965,   0.0043, 0
A,  286, ALA,  0.0377,  -0.3585,   0.0008, 0
A,  287, ILE,  0.0131,  -0.3722,   0.0004, 0
A,  288, THR,  0.0395,  -0.3574,   0.0008, 0
A,  289, THR,  0.8047,   0.0691,   0.0923, 0
A,  290, LEU,  0.5340,  -0.0818,   0.0409, 4
A,  291, ARG,  0.8059,   0.0697,   0.0925, 4
A,  292, GLY,  0.4034,  -0.1546,   0.0239, 0
A,  293, GLU,  0.2966,  -0.2142,   0.0137, 4
A,  294, LEU,  0.0003,  -0.3793,   0.0002, 0
A,  295, MET,  0.0436,  -0.3552,   0.0009, 0
A,  296, PHE,  0.0000,  -0.3795,   0.0002, 0
A,  297, PHE,  0.0000,  -0.3795,   0.0002, 0
A,  298, LYS,  0.1681,  -0.2858,   0.0052, 0
A,  299, ASP,  0.1661,  -0.2869,   0.0051, 0
A,  300, ARG,  0.8416,   0.0897,   0.1009, 0
A,  301, PHE,  0.2805,  -0.2231,   0.0124, 0
A,  302, TYR,  0.0510,  -0.3510,   0.0010, 0
A,  303, MET,  0.0273,  -0.3642,   0.0006, 0
A,  304, ARG,  0.2061,  -0.2646,   0.0072, 4
A,  305, THR,  0.0500,  -0.3516,   0.0010, 0
A,  306, ASN,  0.4343,  -0.1374,   0.0276, 0
A,  307, SER,  0.2484,  -0.2410,   0.0100, 0
A,  308, PHE,  0.3544,  -0.1819,   0.0189, 0
A,  309, TYR,  0.3307,  -0.1951,   0.0167, 0
A,  310, PRO,  0.1885,  -0.2744,   0.0062, 0
A,  311, GLU,  0.1706,  -0.2844,   0.0053, 0
A,  312, VAL,  0.0868,  -0.3311,   0.0019, 0
A,  313, GLU,  0.2440,  -0.2435,   0.0097, 0
A,  314, LEU,  0.1932,  -0.2718,   0.0065, 0
A,  315, ASN,  0.1979,  -0.2691,   0.0067, 0
A,  316, PHE,  0.9436,   0.1465,   0.1262, 0
A,  317, ILE,  0.1205,  -0.3123,   0.0031, 0
A,  318, SER,  0.1928,  -0.2720,   0.0065, 0
A,  319, VAL,  0.2769,  -0.2251,   0.0121, 0
A,  320, PHE,  0.3676,  -0.1746,   0.0202, 4
A,  321, TRP,  0.4438,  -0.1321,   0.0287, 4
A,  322, PRO,  0.0460,  -0.3538,   0.0009, 0
A,  323, GLN,  0.0558,  -0.3484,   0.0011, 0
A,  324, VAL,  0.0441,  -0.3549,   0.0009, 0
A,  325, PRO,  0.0627,  -0.3445,   0.0013, 0
A,  326, ASN,  0.1814,  -0.2783,   0.0058, 0
A,  327, GLY,  0.0472,  -0.3531,   0.0010, 0
A,  328, LEU,  0.0614,  -0.3452,   0.0013, 0
A,  329, GLN,  0.0961,  -0.3259,   0.0022, 0
A,  330, ALA,  0.0162,  -0.3704,   0.0004, 0
A,  331, ALA,  0.0131,  -0.3722,   0.0004, 0
A,  332, TYR,  0.2752,  -0.2261,   0.0120, 0
A,  333, GLU,  0.8135,   0.0740,   0.0943, 0
A,  334, ILE,  0.7341,   0.0297,   0.0768, 0
A,  335, ALA,  0.7233,   0.0237,   0.0745, 0
A,  336, ASP,  0.2315,  -0.2504,   0.0088, 0
A,  337, ARG,  0.4673,  -0.1190,   0.0316, 2
A,  338, ASP,  0.0683,  -0.3414,   0.0014, 0
A,  339, GLU,  0.6939,   0.0073,   0.0684, 2
A,  340, VAL,  0.3418,  -0.1889,   0.0177, 4
A,  341, ARG,  0.8427,   0.0903,   0.1012, 2
A,  342, PHE,  0.0704,  -0.3402,   0.0015, 0
A,  343, PHE,  0.0053,  -0.3765,   0.0003, 0
A,  344, LYS,  0.0437,  -0.3551,   0.0009, 0
A,  345, GLY,  0.0214,  -0.3675,   0.0005, 0
A,  346, ASN,  0.0151,  -0.3710,   0.0004, 0
A,  347, LYS,  0.0419,  -0.3561,   0.0009, 0
A,  348, TYR,  0.8434,   0.0907,   0.1013, 2
A,  349, TRP,  0.0432,  -0.3554,   0.0009, 0
A,  350, ALA,  0.5089,  -0.0958,   0.0372, 0
A,  351, VAL,  0.3450,  -0.1871,   0.0180, 0
A,  352, ARG,  0.3314,  -0.1947,   0.0167, 0
A,  353, GLY,  0.4078,  -0.1521,   0.0244, 4
A,  354, GLN,  0.4438,  -0.1321,   0.0287, 4
A,  355, ASP,  0.0594,  -0.3464,   0.0012, 0
A,  356, VAL,  0.0179,  -0.3695,   0.0005, 0
A,  357, LEU,  0.0890,  -0.3298,   0.0020, 2
A,  358, TYR,  0.1045,  -0.3212,   0.0025, 0
A,  359, GLY,  0.0628,  -0.3445,   0.0013, 0
A,  360, TYR,  0.8901,   0.1167,   0.1127, 2
A,  361, PRO,  0.0343,  -0.3604,   0.0007, 0
A,  362, LYS,  0.6710,  -0.0054,   0.0640, 2
A,  363, ASP,  0.0129,  -0.3723,   0.0004, 0
A,  364, ILE,  0.0007,  -0.3790,   0.0002, 0
A,  365, HIS,  0.0164,  -0.3703,   0.0004, 0
A,  366, ARG,  0.1371,  -0.3031,   0.0038, 2
A,  367, SER,  0.6973,   0.0092,   0.0691, 2
A,  368, PHE,  0.8040,   0.0687,   0.0921, 2
A,  369, GLY,  0.0778,  -0.3361,   0.0017, 0
A,  370, PHE,  0.0657,  -0.3428,   0.0014, 0
A,  371, PRO,  0.1676,  -0.2860,   0.0051, 0
A,  372, SER,  0.0247,  -0.3657,   0.0006, 0
A,  373, THR,  0.1715,  -0.2839,   0.0053, 0
A,  374, VAL,  0.1353,  -0.3040,   0.0037, 0
A,  375, LYS,  0.1006,  -0.3234,   0.0024, 0
A,  376, ASN,  0.0426,  -0.3557,   0.0009, 0
A,  377, ILE,  0.0465,  -0.3536,   0.0009, 0
A,  378, ASP,  0.1268,  -0.3088,   0.0033, 0
A,  379, ALA,  0.0195,  -0.3686,   0.0005, 0
A,  380, ALA,  0.0184,  -0.3692,   0.0005, 0
A,  381, VAL,  0.0349,  -0.3600,   0.0007, 0
A,  382, PHE,  0.4664,  -0.1195,   0.0314, 0
A,  383, GLU,  0.1765,  -0.2811,   0.0056, 0
A,  384, GLU,  0.8039,   0.0687,   0.0921, 0
A,  385, ASP,  0.0373,  -0.3587,   0.0008, 0
A,  386, THR,  0.2375,  -0.2471,   0.0092, 0
A,  387, GLY,  0.0918,  -0.3283,   0.0021, 0
A,  388, LYS,  0.2845,  -0.2209,   0.0127, 0
A,  389, THR,  0.0000,  -0.3795,   0.0002, 0
A,  390, TYR,  0.4105,  -0.1506,   0.0247, 0
A,  391, PHE,  0.0000,  -0.3795,   0.0002, 0
A,  392, PHE,  0.0023,  -0.3782,   0.0003, 0
A,  393, VAL,  0.1649,  -0.2875,   0.0050, 0
A,  394, ALA,  0.0816,  -0.3340,   0.0018, 0
A,  395, HIS,  0.0868,  -0.3311,   0.0019, 0
A,  396, GLU,  0.1756,  -0.2816,   0.0055, 0
A,  397, CYS,  0.0509,  -0.3511,   0.0010, 0
A,  398, TRP,  0.1962,  -0.2701,   0.0066, 0
A,  399, ARG,  0.4601,  -0.1230,   0.0306, 0
A,  400, TYR,  0.5013,  -0.1000,   0.0361, 2
A,  401, ASP,  0.0555,  -0.3485,   0.0011, 0
A,  402, GLU,  0.8097,   0.0719,   0.0934, 2
A,  403, TYR,  0.0641,  -0.3437,   0.0013, 0
A,  404, LYS,  0.0135,  -0.3719,   0.0004, 0
A,  405, GLN,  0.0524,  -0.3503,   0.0011, 0
A,  406, SER,  0.0809,  -0.3344,   0.0018, 0
A,  407, MET,  0.1097,  -0.3183,   0.0027, 0
A,  408, ASP,  0.1959,  -0.2702,   0.0066, 0
A,  409, THR,  0.0678,  -0.3417,   0.0014, 0
A,  410, GLY,  0.0565,  -0.3480,   0.0012, 0
A,  411, TYR,  0.4213,  -0.1446,   0.0260, 0
A,  412, PRO,  0.1375,  -0.3028,   0.0038, 0
A,  413, LYS,  0.2158,  -0.2592,   0.0078, 0
A,  414, MET,  0.0409,  -0.3566,   0.0008, 0
A,  415, ILE,  0.0148,  -0.3712,   0.0004, 0
A,  416, ALA,  0.0330,  -0.3611,   0.0007, 0
A,  417, GLU,  0.0264,  -0.3648,   0.0006, 0
A,  418, GLU,  0.3283,  -0.1965,   0.0164, 0
A,  419, PHE,  0.0555,  -0.3485,   0.0011, 0
A,  420, PRO,  0.0226,  -0.3669,   0.0005, 0
A,  421, GLY,  0.0633,  -0.3442,   0.0013, 0
A,  422, ILE,  0.0625,  -0.3447,   0.0013, 0
A,  423, GLY,  0.0630,  -0.3443,   0.0013, 0
A,  424, ASN,  0.0676,  -0.3418,   0.0014, 0
A,  425, LYS,  0.1803,  -0.2790,   0.0058, 0
A,  426, VAL,  0.0831,  -0.3332,   0.0018, 0
A,  427, ASP,  0.1773,  -0.2807,   0.0056, 0
A,  428, ALA,  0.0393,  -0.3576,   0.0008, 0
A,  429, VAL,  0.0184,  -0.3692,   0.0005, 0
A,  430, PHE,  0.0287,  -0.3634,   0.0006, 0
A,  431, GLN,  0.7617,   0.0451,   0.0826, 0
A,  432, LYS,  0.5886,  -0.0514,   0.0495, 0
A,  433, ASP,  0.6096,  -0.0397,   0.0529, 0
A,  434, GLY,  0.0381,  -0.3582,   0.0008, 0
A,  435, PHE,  0.3123,  -0.2054,   0.0150, 0
A,  436, LEU,  0.0028,  -0.3779,   0.0003, 0
A,  437, TYR,  1.2080,   0.2939,   0.1986, 0
A,  438, PHE,  0.0129,  -0.3723,   0.0004, 0
A,  439, PHE,  0.0129,  -0.3723,   0.0004, 0
A,  440, HIS,  0.1039,  -0.3216,   0.0025, 0
A,  441, GLY,  0.0762,  -0.3370,   0.0016, 0
A,  442, THR,  0.0582,  -0.3470,   0.0012, 0
A,  443, ARG,  0.0748,  -0.3378,   0.0016, 0
A,  444, GLN,  0.9015,   0.1231,   0.1155, 0
A,  445, TYR,  0.2509,  -0.2396,   0.0102, 0
A,  446, GLN,  0.8646,   0.1025,   0.1064, 0
A,  447, PHE,  0.0050,  -0.3767,   0.0003, 0
A,  448, ASP,  0.0426,  -0.3557,   0.0009, 0
A,  449, PHE,  0.4075,  -0.1523,   0.0244, 0
A,  450, LYS,  0.0456,  -0.3541,   0.0009, 0
A,  451, THR,  0.0140,  -0.3716,   0.0004, 0
A,  452, LYS,  0.2891,  -0.2183,   0.0131, 0
A,  453, ARG,  0.0130,  -0.3722,   0.0004, 0
A,  454, ILE,  0.0434,  -0.3553,   0.0009, 0
A,  455, LEU,  0.0502,  -0.3515,   0.0010, 0
A,  456, THR,  0.6377,  -0.0240,   0.0578, 0
A,  457, LEU,  0.1150,  -0.3154,   0.0029, 0
A,  458, GLN,  0.9360,   0.1423,   0.1243, 0
A,  459, LYS,  0.3229,  -0.1995,   0.0159, 0
A,  460, ALA,  0.0221,  -0.3672,   0.0005, 0
A,  461, ASN,  0.1549,  -0.2931,   0.0045, 0
A,  462, SER,  1.0288,   0.1940,   0.1487, 0
A,  463, TRP,  1.5103,   0.4624,   0.2856, 0
A,  464, PHE,  0.0896,  -0.3295,   0.0020, 0
A,  465, ASN,  0.0767,  -0.3367,   0.0016, 0
A,  466, CYS,  0.1336,  -0.3050,   0.0036, 0
