atomName, vsAromatic, vsCation, vsAnion, vsHydrophobic, vsAcceptor, vsDonor
ALA.C, 0, 0, 0, 1, 0, 0
ALA.CA, 0, 0, 0, 1, 0, 0
ALA.CB, 0, 0, 0, 1, 0, 0
ALA.N, 0, 0, 0, 0, 0, 1
ALA.O, 0, 0, 0, 0, 1, 0
ARG.C, 0, 0, 0, 1, 0, 0
ARG.CA, 0, 0, 0, 1, 0, 0
ARG.CB, 0, 0, 0, 1, 0, 0
ARG.CD, 0, 0, 0, 1, 0, 0
ARG.CG, 0, 0, 0, 1, 0, 0
ARG.CZ, 0, 0, 0, 1, 0, 0
ARG.N, 0, 0, 0, 0, 0, 1
ARG.NE, 0, 1, 0, 0, 0, 0
ARG.NH1, 0, 1, 0, 0, 0, 0
ARG.NH2, 0, 1, 0, 0, 0, 0
ARG.O, 0, 0, 0, 0, 1, 0
ASN.C, 0, 0, 0, 1, 0, 0
ASN.CA, 0, 0, 0, 1, 0, 0
ASN.CB, 0, 0, 0, 1, 0, 0
ASN.CG, 0, 0, 0, 1, 0, 0
ASN.N, 0, 0, 0, 0, 0, 1
ASN.ND2, 0, 0, 0, 0, 0, 1
ASN.O, 0, 0, 0, 0, 1, 0
ASN.OD1, 0, 0, 0, 0, 1, 0
ASP.C, 0, 0, 0, 1, 0, 0
ASP.CA, 0, 0, 0, 1, 0, 0
ASP.CB, 0, 0, 0, 1, 0, 0
ASP.CG, 0, 0, 0, 1, 0, 0
ASP.N, 0, 0, 0, 0, 0, 1
ASP.O, 0, 0, 0, 0, 1, 0
ASP.OD1, 0, 0, 1, 0, 0, 0
ASP.OD2, 0, 0, 1, 0, 0, 0
CYS.C, 0, 0, 0, 1, 0, 0
CYS.CA, 0, 0, 0, 1, 0, 0
CYS.CB, 0, 0, 0, 1, 0, 0
CYS.N, 0, 0, 0, 0, 0, 1
CYS.O, 0, 0, 0, 0, 1, 0
CYS.SG, 0, 0, 0, 0, 1, 0
GLN.C, 0, 0, 0, 1, 0, 0
GLN.CA, 0, 0, 0, 1, 0, 0
GLN.CB, 0, 0, 0, 1, 0, 0
GLN.CD, 0, 0, 0, 1, 0, 0
GLN.CG, 0, 0, 0, 1, 0, 0
GLN.N, 0, 0, 0, 0, 0, 1
GLN.NE2, 0, 0, 0, 0, 0, 1
GLN.O, 0, 0, 0, 0, 1, 0
GLN.OE1, 0, 0, 0, 0, 1, 0
GLU.C, 0, 0, 0, 1, 0, 0
GLU.CA, 0, 0, 0, 1, 0, 0
GLU.CB, 0, 0, 0, 1, 0, 0
GLU.CD, 0, 0, 0, 1, 0, 0
GLU.CG, 0, 0, 0, 1, 0, 0
GLU.N, 0, 0, 0, 0, 0, 1
GLU.O, 0, 0, 0, 0, 1, 0
GLU.OE1, 0, 0, 1, 0, 0, 0
GLU.OE2, 0, 0, 1, 0, 0, 0
GLY.C, 0, 0, 0, 1, 0, 0
GLY.CA, 0, 0, 0, 1, 0, 0
GLY.N, 0, 0, 0, 0, 0, 1
GLY.O, 0, 0, 0, 0, 1, 0
HIS.C, 0, 0, 0, 1, 0, 0
HIS.CA, 0, 0, 0, 1, 0, 0
HIS.CB, 0, 0, 0, 1, 0, 0
HIS.CD2, 1, 0, 0, 0, 0, 0
HIS.CE1, 1, 0, 0, 0, 0, 0
HIS.CG, 1, 0, 0, 0, 0, 0
HIS.N, 0, 0, 0, 0, 0, 1
HIS.ND1, 0, 0, 0, 0, 1, 1
HIS.NE2, 0, 0, 0, 0, 1, 1
HIS.O, 0, 0, 0, 0, 1, 0
ILE.C, 0, 0, 0, 1, 0, 0
ILE.CA, 0, 0, 0, 1, 0, 0
ILE.CB, 0, 0, 0, 1, 0, 0
ILE.CD1, 0, 0, 0, 1, 0, 0
ILE.CG1, 0, 0, 0, 1, 0, 0
ILE.CG2, 0, 0, 0, 1, 0, 0
ILE.N, 0, 0, 0, 0, 0, 1
ILE.O, 0, 0, 0, 0, 1, 0
LEU.C, 0, 0, 0, 1, 0, 0
LEU.CA, 0, 0, 0, 1, 0, 0
LEU.CB, 0, 0, 0, 1, 0, 0
LEU.CD1, 0, 0, 0, 1, 0, 0
LEU.CD2, 0, 0, 0, 1, 0, 0
LEU.CG, 0, 0, 0, 1, 0, 0
LEU.N, 0, 0, 0, 0, 0, 1
LEU.O, 0, 0, 0, 0, 1, 0
LYS.C, 0, 0, 0, 1, 0, 0
LYS.CA, 0, 0, 0, 1, 0, 0
LYS.CB, 0, 0, 0, 1, 0, 0
LYS.CD, 0, 0, 0, 1, 0, 0
LYS.CE, 0, 0, 0, 1, 0, 0
LYS.CG, 0, 0, 0, 1, 0, 0
LYS.N, 0, 0, 0, 0, 0, 1
LYS.NZ, 0, 1, 0, 0, 0, 0
LYS.O, 0, 0, 0, 0, 1, 0
MET.C, 0, 0, 0, 1, 0, 0
MET.CA, 0, 0, 0, 1, 0, 0
MET.CB, 0, 0, 0, 1, 0, 0
MET.CE, 0, 0, 0, 1, 0, 0
MET.CG, 0, 0, 0, 1, 0, 0
MET.N, 0, 0, 0, 0, 0, 1
MET.O, 0, 0, 0, 0, 1, 0
MET.SD, 0, 0, 0, 1, 0, 0
PHE.C, 0, 0, 0, 1, 0, 0
PHE.CA, 0, 0, 0, 1, 0, 0
PHE.CB, 0, 0, 0, 1, 0, 0
PHE.CD1, 1, 0, 0, 0, 0, 0
PHE.CD2, 1, 0, 0, 0, 0, 0
PHE.CE1, 1, 0, 0, 0, 0, 0
PHE.CE2, 1, 0, 0, 0, 0, 0
PHE.CG, 1, 0, 0, 0, 0, 0
PHE.CZ, 1, 0, 0, 0, 0, 0
PHE.N, 0, 0, 0, 0, 0, 1
PHE.O, 0, 0, 0, 0, 1, 0
PRO.C, 0, 0, 0, 1, 0, 0
PRO.CA, 0, 0, 0, 1, 0, 0
PRO.CB, 0, 0, 0, 1, 0, 0
PRO.CD, 0, 0, 0, 1, 0, 0
PRO.CG, 0, 0, 0, 1, 0, 0
PRO.N, 0, 0, 0, 0, 0, 1
PRO.O, 0, 0, 0, 0, 1, 0
SER.C, 0, 0, 0, 1, 0, 0
SER.CA, 0, 0, 0, 1, 0, 0
SER.CB, 0, 0, 0, 1, 0, 0
SER.N, 0, 0, 0, 0, 0, 1
SER.O, 0, 0, 0, 0, 1, 0
SER.OG, 0, 0, 0, 0, 1, 1
THR.C, 0, 0, 0, 1, 0, 0
THR.CA, 0, 0, 0, 1, 0, 0
THR.CB, 0, 0, 0, 1, 0, 0
THR.CG2, 0, 0, 0, 1, 0, 0
THR.N, 0, 0, 0, 0, 0, 1
THR.O, 0, 0, 0, 0, 1, 0
THR.OG1, 0, 0, 0, 0, 1, 1
TRP.C, 0, 0, 0, 1, 0, 0
TRP.CA, 0, 0, 0, 1, 0, 0
TRP.CB, 0, 0, 0, 1, 0, 0
TRP.CD1, 1, 0, 0, 0, 0, 0
TRP.CD2, 1, 0, 0, 0, 0, 0
TRP.CE2, 1, 0, 0, 0, 0, 0
TRP.CE3, 1, 0, 0, 0, 0, 0
TRP.CG, 1, 0, 0, 0, 0, 0
TRP.CH2, 1, 0, 0, 0, 0, 0
TRP.CZ2, 1, 0, 0, 0, 0, 0
TRP.CZ3, 1, 0, 0, 0, 0, 0
TRP.N, 0, 0, 0, 0, 0, 1
TRP.NE1, 0, 0, 0, 0, 0, 1
TRP.O, 0, 0, 0, 0, 1, 0
TYR.C, 0, 0, 0, 1, 0, 0
TYR.CA, 0, 0, 0, 1, 0, 0
TYR.CB, 0, 0, 0, 1, 0, 0
TYR.CD1, 1, 0, 0, 0, 0, 0
TYR.CD2, 1, 0, 0, 0, 0, 0
TYR.CE1, 1, 0, 0, 0, 0, 0
TYR.CE2, 1, 0, 0, 0, 0, 0
TYR.CG, 1, 0, 0, 0, 0, 0
TYR.CZ, 1, 0, 0, 0, 0, 0
TYR.N, 0, 0, 0, 0, 0, 1
TYR.O, 0, 0, 0, 0, 1, 0
TYR.OH, 0, 0, 0, 0, 1, 1
VAL.C, 0, 0, 0, 1, 0, 0
VAL.CA, 0, 0, 0, 1, 0, 0
VAL.CB, 0, 0, 0, 1, 0, 0
VAL.CG1, 0, 0, 0, 1, 0, 0
VAL.CG2, 0, 0, 0, 1, 0, 0
VAL.N, 0, 0, 0, 0, 0, 1
VAL.O, 0, 0, 0, 0, 1, 0
